Number,Player Nickname
1,A10N3 B0Y
2,A1pha
3,ABM
4,ADDICT
5,ADK
6,ADRON
7,AE
8,AEROj
9,AGB
10,AGL
11,AJ
12,AJ2k
13,ALENNNCAR
14,ALLE
15,AMC
16,AMSALEM
17,ANASTAZE
18,ANa
19,ANeraX
20,Aapestt
21,Aaron
22,Abyss
23,AccuracyTG
24,Aceari
25,AcilioN
26,AdamJC
27,Adams0n
28,AdrieN
29,Adrii53
30,Aerial
31,Ag1l
32,Ag3NtK
33,Aida
34,Aidy
35,Ail
36,Airax
37,AiyvaN
38,Aldikon
39,AlekS
40,Aleksib
41,AliBond
42,Aliot
43,Alisson
44,Altekz
45,Alv
46,Alxc
47,Amastrine
48,Amdal
49,Anasasis
50,Ancient
51,Andrea
52,Andree
53,Andrew
54,Ang3l10wOw
55,Angelka
56,B-rand0m
57,B1NGO
58,BAGEL
59,BALEROSTYLE
60,BELCHONOKK
61,BENJYMIN
62,BERRY
63,BK1
64,BaGyZ
65,BaN4na
66,Babs
67,BabyRage
68,Bakorino
69,Bambosh
70,Ban4ik007
71,Banjo
72,Bankey21
73,Bart4k
74,BeaKie
75,BeanieHut
76,Beast
77,Beastman
78,Beccie
79,Begyzine
80,BehinDx
81,BeiranZz
82,Benzene
83,Berzius
84,BestronG
85,Bhavi
86,BiBiAhn
87,BiNoX
88,BiS
89,Bibu
90,BigIron
91,Bigun007
92,Bin
93,Biuckmt
94,Bizarre666
95,BlacKi
96,Blacc
97,BledarD
98,Blessed
99,Blick
100,Blitz1230
101,Blogg1s
102,Bloody
103,BloodyK
104,BluePho3nix
105,Blytz
106,BnTeT
107,C0FFE3
108,C2
109,C4LLM3SU3
110,C4rlito
111,CAJUN
112,CC3ptic
113,CHANKY
114,CHEHOL
115,CLASIA
116,CaPiM
117,Cabbi
118,CacaNito
119,Cacao
120,CagXD
121,Caleyy
122,Calix
123,Calyx
124,Cara de Banana
125,Carnage
126,Carta
127,Cate
128,CatyJones
129,CeRq
130,Celia
131,Cellax
132,CendiarY
133,Ceruttera
134,Ch1oe
135,ChAmP
136,Cham
137,Champ
138,Cher1on
139,ChildKing
140,Chill
141,Chinits
142,ChipaaN
143,Chowdzz
144,Chr1zN
145,Chrysus
146,Chucky
147,Ciocardau
148,Cizzx
149,Cjoffo
150,Ckanic
151,Cl34v3rs
152,Cliqq
153,Cloudy
154,D0cC
155,D1sastrouS
156,D7
157,DALIEN
158,DANVIET
159,DANZ
160,DAVEN
161,DD
162,DDias
163,DEFAULTER
164,DEPRESHN
165,DGL
166,Dabbehhh
167,DacS
168,DaciaBlue3
169,Dafra1D
170,Daker
171,Damkilde
172,Dan7
173,Danejoris
174,DangerCat
175,Dani
176,DanielS
177,DannyG
178,Dant1k
179,Dante
180,Darendeli
181,DarkHorse
182,Dave
183,Dawy
184,DayMake
185,DeDe
186,DeFFeN
187,DeXter
188,Defro
189,DemQQ
190,Dementor
191,Demho
192,Demonos
193,Dengzoe
194,Destro
195,Dexter
196,Deylary
197,ELFMELK
198,EMSTAR
199,EMUHLEET
200,END
201,ERSIN
202,Echko
203,EddezeNNN
204,Efire
205,Egelund
206,Ejram
207,Ekuz
208,El1an
209,ElayDzha
210,Eleven
211,EliGE
212,Elizabeth
213,Ellie
214,Ellis
215,Elxhin
216,EmbeR
217,Emerald
218,EmiliaQAQ
219,Emmsan
220,Empera
221,Emy
222,Enzo
223,Equip
224,Erye
225,Esa
226,EspiranTo
227,Estate
228,Estelle
229,Evan
230,Ex3rcice
231,ExeL
232,Executor
233,Experative
234,Extinct
235,Ezetapsss
236,F0R3VER
237,F1KU
238,F4QQ
239,FAME
240,FASHR
241,FAZERY
242,FAZZ
243,FIEND
244,FIOURN
245,FL1T
246,FL4MUS
247,FLVSH
248,FaNg
249,Fabbelit0
250,Fadey
251,Fajr
252,Falcon
253,Falez
254,FalleN
255,Falling
256,FamouZ
257,FasteR
258,Fawx
259,FenomeN
260,Fernantouile
261,Fessor
262,Few
263,Fidi
264,FincHY
265,FinigaN
266,Finui
267,Fizzy
268,Flash_1
269,Flicky
270,Flierax
271,Floki
272,Flossie
273,FlyNN
274,FoG
275,FolMing
276,Folke
277,Forester
278,Forleks
279,GA1De
280,GAME
281,GEOHYPE
282,GHOST
283,GOYO007
284,GREATEST
285,GRIMOIRE
286,GYZER
287,GaBi
288,Gabe
289,Gabie
290,Galy
291,Ganginho
292,Gaz
293,GeT_RiGhT
294,Geneka
295,Geniuss
296,GenshIn
297,Geq1an
298,Get_Jeka
299,Ghost217
300,GibbyATL
301,Gina
302,Girafffe
303,Gizmy
304,Glymir
305,Gnøffe
306,Go0dby3
307,Golden
308,Goody
309,Goofy
310,GooseBreeder
311,Gopster
312,Gospadarov
313,Graceyy
314,Grashog
315,Grave
316,Graviti
317,Grief
318,Griffin
319,Griller
320,Grim
321,Grizz
322,Grumick
323,Grus
324,GuardiaN
325,Gurtzz
326,Gy
327,H0NeST
328,H4SAN4TOR
329,H4rder
330,HAMBOOGA
331,HEAP
332,HEN1
333,HENU
334,HObbit
335,HS
336,HSB
337,HUASOPEEK
338,HUGH
339,HYPERI1
340,HaZ
341,Hack1ng
342,Hagmeister
343,Halen
344,Hanka
345,Happyy
346,Harley
347,Haski4
348,Hassie
349,Hazel
350,Headshotspecial
351,HeavyGod
352,Heke
353,HenX
354,HexT
355,Hezz
356,Hiden
357,Hikomi
358,HippoV
359,Hiro
360,Hkta
361,HoLLy
362,Hollo
363,HooXi
364,HopeDaBeast
365,HorizoN
366,HugoXD
367,Hunten
368,ICY
369,ILYV1CH
370,INS
371,IPA
372,ISSAA
373,IZR
374,Icarus
375,IceBerg
376,Ichika
377,Igorek
378,ImpressioN
379,Infinite
380,Inzane
381,Iron
382,IsaKrilds
383,Ismo
384,Izik
385,J0LZ
386,J3nsyy
387,JACKZ
388,JAUSTERE
389,JBOEN
390,JBa
391,JDC
392,JDubs
393,JIaYm
394,JLK
395,JOTA
396,JT
397,Jachro
398,Jackinho
399,Jaex-
400,Jakras
401,JamYoung
402,Jame
403,Jammie
404,Jardani
405,JayTheRed
406,Jaytzy
407,Jayy2s
408,Jazzyk1ns
409,Jbreezy
410,Jee
411,Jeebs
412,Jelly
413,Jelo
414,JennyR
415,Jeorge
416,Jerry
417,Jersey
418,Jester
419,Jesus
420,Jez
421,Jhones Macarones
422,Jiace
423,Jibe
424,Jiga
425,Jimmbo
426,Jimpphat
427,Jinxx
428,JoJo
429,Joanana
430,Joanass
431,Johan
432,JohnSm1th
433,Joker
434,JonY BoY
435,Jonger
436,Jonji
437,Jorko
438,Jotag3
439,Jpp
440,Jr24racing
441,JuL
442,Juiceboy
443,Juli
444,K014NZ
445,K1-FiDa
446,K2
447,K4mr0
448,KAISER
449,KANKY
450,KAOS
451,KBeaZy
452,KD69z
453,KENSI
454,KENZI
455,KEi
456,KaiR0N-
457,Kaide
458,KalubeR
459,Kamion
460,Kamui
461,Kaoday
462,KarmaN
463,Kat
464,Katalic
465,Kate
466,Kebab
467,Keiti
468,KennyT
469,Keoz
470,KiKi
471,KiMaRR
472,KicA
473,Killmisker
474,Kind0
475,Kionetta
476,L00m1
477,L0NER
478,L1afz
479,L1haNg
480,L1nxiaoshan
481,L2ssssss
482,LAKSHERi
483,LAME
484,LCK
485,LEARSI
486,LECY
487,LETN1
488,LETi
489,LIN
490,LNZ
491,LUCAS1
492,Lacerda
493,Lack1
494,LaffyTs
495,LaiKeXu
496,Lake
497,Lambchoppington
498,Lambdacore
499,Lanabanana
500,Lapra
501,Lara
502,LarkoTaco
503,Larmo
504,Lastík
505,Lcm
506,Lcs
507,Le
508,LeeN
509,Lekr0
510,Lekzi
511,Leomonster
512,Leon1das
513,Levi
514,Lexa
515,Liazz
516,Licale
517,Lich
518,Liina
519,Lilo
520,Linko
521,LittleBEER
522,Lkz
523,Llamas
524,Loagurt
525,Locke
526,Logic
527,Longo
528,Louie
529,Lowlita
530,Lucaozy
531,Lucasye
532,Lucid
533,Lucky
534,Ludwig
535,M1KA
536,M1key
537,M1racle
538,M3gzz
539,M4rdik
540,MAGILA
541,MAIROLLS
542,MAJ3R
543,MAT1
544,MaLLby
545,MaMi.CM
546,MaSvAl
547,Machado
548,Maddu
549,MadeInRed
550,Maden
551,Mafi
552,MagiC
553,Magic
554,Magician
555,Magisk
556,Magnojez
557,MagnumZ
558,MahaR
559,MaiL09
560,Mairel
561,Maison
562,Majesticzz
563,Majkn
564,Majster
565,Maka
566,Malkiss
567,Malmie
568,Maltelul
569,Malu
570,Maluk3
571,Malware
572,MamaAlien
573,ManeschijnX
574,Maniaczinho
575,Mann3n
576,ManuM
577,Mané
578,MarKE
579,Marek
580,Margo
581,Mariam
582,Marix
583,Markoś
584,Markz
585,Marro
586,MartinezSa
587,Marv
588,Masi
589,N07
590,N0R1
591,N1KOLAJ
592,N1dhaaal
593,N1ghtraid
594,N1kace
595,N2o
596,N4XX1S
597,NAF
598,NAKO
599,NARONE
600,NAYLLA
601,NBK-
602,NEKIZ
603,NENO
604,NEOFRAG
605,NEUZ
606,NIGHT666LADE
607,NaOw
608,NaRo
609,NaYz
610,Naginat
611,Nami
612,Natra3p
613,Nayomy
614,Nbc1
615,Ne1XXX
616,Nea
617,Neityu
618,Nem
619,Nem1za
620,Neo
621,Neolife
622,Neqy
623,Nero
624,NertZ
625,Nettar
626,Nexius
627,NiKo
628,NickelBack
629,NickyB
630,Nico
631,Nidoriaa
632,OCEANA
633,OG
634,OKay
635,ORIGLONIKO
636,OWNER
637,Oath
638,Oczarka
639,Olga
640,Olivia
641,Omichella
642,OneLion
643,OneUn1que
644,OniX
645,OpeN
646,Orb1t
647,Orbit
648,OrphaN
649,Otto
650,OverDrive
651,Overdue
652,Owbb
653,OwensinhoM
654,Owned
655,Oxbrandd
656,OxygeN
657,P1G
658,P3R3IIRA
659,P3nny
660,P4TriCK
661,PABLEK
662,PALM1
663,PANDAZ
664,PG
665,PKL
666,POLO
667,POP0V
668,PR
669,PR1mE
670,Pagarkalle
671,Paine
672,Palash
673,Panic
674,Paranormal
675,ParkJJong
676,Pat
677,Patrick
678,Patsi
679,Patti
680,PeTeRoOo
681,Pechyn
682,Pedrinho2011
683,Peeping
684,Pelle
685,Pepo
686,Peppzor
687,PerX
688,PerdY
689,Perfecto
690,Ph1NNN
691,Pham
692,PhilEba
693,Pictrucz
694,PiggyKiki
695,PippySippy
696,Pipw
697,Pixar
698,PlesseN
699,Plopski
700,Pluto
701,PoKe
702,Pofon
703,PokemoN
704,Pol0
705,Polbandana
706,Polt
707,Porya
708,Pose1doNN
709,Potei
710,Potya
711,Pr0mise
712,Praisy
713,Q-Q
714,Qikert
715,Qiyarah
716,Qlocuu
717,QuQu
718,Quacko
719,Quality
720,Queenix
721,R2B2
722,R3LiFwOw
723,R4DYX
724,RAISY
725,RCF
726,REAL1ZE
727,REDSTAR
728,REGIANE
729,REKMEISTER
730,RENZ1
731,REZ
732,RaY5ive
733,RaYzEr
734,RacheLL
735,Rack
736,Rackem
737,Rafex78
738,Raijin
739,Rainwaker
740,Randyyyy
741,Ratzz
742,RavlE
743,Re1GN
744,ReFuZR
745,ReacT3on
746,Realyummy
747,Reaper
748,Reapz
749,Reason
750,Reckless
751,Recoilmaster
752,Redman
753,Reix
754,Rejoiner
755,Remill
756,Remind
757,RenanZin
758,Renesqu
759,ResoLuxe
760,Revampzz
761,Rezkiyy
762,S0ph3R
763,S0tF1k
764,S1kura
765,S1ren
766,S1t1f
767,S3NSEY
768,S5J
769,SALO_MUX
770,SANJI
771,SAVAGE
772,SBT
773,SEBASEN
774,SELLTER
775,SEMPHIS
776,SEMSYS
777,SENER1
778,SEXYVOVA
779,Sa1nTy
780,SaMey
781,SaVage
782,Saac
783,Sain
784,Sakuma
785,Salty
786,Samineh
787,Samuukxs
788,Samys
789,Sandman
790,Sange
791,Santuriano
792,SanyxX
793,Sapec
794,Sarkasm
795,Sauceboy
796,Saviour
797,Sc0rch
798,Scared
799,Scarlet
800,Schwarz
801,Scoffic
802,Scorchyy
803,ScorpiioooN
804,Scr0b
805,ScringE
806,ScrunK
807,Sdaim
808,SeBreeZe
809,Seb
810,SeeK
811,Senzu
812,Seqret
813,Serce
814,Serendipity
815,SethP
816,SeveN89
817,Sh1karee
818,T0rby
819,T4gg3D
820,TABEN
821,TACO
822,TEARS
823,TENSKEE
824,TH0R
825,THE_BEST
826,TIMhehe
827,TITI
828,TMB
829,TMKj
830,TNEG
831,TOAO
832,TOBIZ
833,TOKYOPEEK
834,TaZ
835,Taikun
836,Talen
837,Tanner
838,Tapewaare
839,Tarkky
840,Tatu
841,TauruS
842,Tauson
843,Tdd
844,Tdonmi
845,TeSeS
846,TeXaSs
847,Techno
848,Templ
849,Tender
850,Ter3sss
851,Termina
852,Terryyy
853,Texta
854,The eLiVe
855,TheJelly
856,TheM4N
857,Thomas
858,ThozoR
859,Thuister
860,Tiger
861,Tiggz
862,Tikkkkkk
863,Tineu
864,Tionix
865,Tiski
866,TjP
867,ToBy
868,Toasty
869,Tomkeejs
870,Uasted
871,Uncrown
872,Unicorn
873,Uzman
874,V0R4yn
875,VENO
876,VILBy
877,VINI
878,VLDN
879,Vacancy
880,Valiance
881,Valter0k
882,VanceKK
883,Vargur
884,Veccil
885,Vegi
886,Vej
887,Vengator
888,Vert
889,Vexite
890,ViTaL
891,Victoria
892,Viggo
893,Vii
894,Viktha
895,Villeboe
896,VireZ
897,Viv
898,Voltage
899,Vonex
900,Vster
901,VulcaN
902,WANGJ
903,WIPSKY
904,WOOD7
905,Wadeshot
906,Wahtzz
907,Walco
908,Waldee
909,WasteOfAmmo
910,Weedfly
911,Weeza
912,Welho
913,Werzaide
914,Westmelon
915,Whis
916,Whiskas
917,Wicadia
918,Wierd_1k
919,Wign
920,Wilky
921,WillPowerme
922,Wilson
923,Winnieeeee
924,Wohs
925,Wolf
926,WolfY
927,Wolffe
928,Wolfie
929,Wonder
930,Wonderzce
931,Woro2k
932,Wuchtig
933,Wumbo
934,X1RON
935,X44VIER
936,X5G7V
937,XANTARES
938,XCR
939,XELLOW
940,Xadoxg0d
941,Xant3r
942,Xetherato
943,XiMaa
944,XiaoWu
945,Xiaobao
946,XigN
947,XotiC
948,Xp3
949,XtaSy
950,Xydoo
951,YEKINDAR
952,YNGHunter
953,Yakuza
954,Yamero
955,Yamii
956,Yaqk
957,Yeneurs
958,Yoga
959,Yoghi
960,Yogis
961,Yoshwa
962,YuZ
963,YumsaN
964,ZEDKO
965,ZEMO
966,ZPX
967,Zabey
968,Zacheraay
969,Zamgaa
970,Zan1S
971,Zana
972,Zanto
973,ZapR
974,Zax1e
975,Zazu
976,Zccnb666
977,Zero
978,ZeroFeng
979,Zerpherr
980,Zesta
981,ZhangJingXuan
982,Zhangirkozha
983,Zhenn
984,Zichael
985,Zilkenberg
986,ZinGY
987,Zoker
988,Zortexx
989,Zote
990,Zucar
991,Zuko
992,Zulu
993,Zumss
994,Zunkyo
995,Zy88
996,Zygimage
997,Zyphon
998,Zypno
999,ZywOo
1000,Zzeus
1001,aJVII
1002,aNdu
1003,abby
1004,abcdef
1005,abiraju
1006,abizz
1007,abr
1008,absolute
1009,acoR
1010,ad0rfin
1011,adai
1012,adamS
1013,adamb
1014,adeX
1015,aelor
1016,afro
1017,afufu
1018,agR
1019,agoz
1020,agt
1021,aiM
1022,aidKiT
1023,aimy
1024,aiveri
1025,akiyanora
1026,alecc
1027,aleph
1028,alex
1029,alex666
1030,alexer
1031,aliStair
1032,alkarenn
1033,allee
1034,allu
1035,almazer
1036,alpha
1037,alula
1038,alwayz
1039,amanek
1040,amaze
1041,ammar
1042,amore
1043,amster
1044,amyb
1045,anarkez
1046,anber
1047,and1
1048,andr1x
1049,b0RUP
1050,b0denmaster
1051,b1
1052,b1elany
1053,b1lal
1054,b1st
1055,b1t
1056,b4rtiN
1057,bALAGE
1058,bLazE
1059,bLitz
1060,baby4
1061,bacc
1062,bajmi
1063,bam
1064,batyazzz
1065,bdzz
1066,bea2
1067,beastik
1068,becker
1069,beeb
1070,beg0d
1071,bekker
1072,ben1337
1073,berzerk
1074,betinho
1075,bevve
1076,bezymecc
1077,biguzera
1078,birdfromsky
1079,bitu
1080,bixiaoxi
1081,bizinha
1082,bkzcurs3d
1083,bl1x1
1084,blacktear5
1085,bladee
1086,blameF
1087,blaq
1088,blaze
1089,blazevlone
1090,blaziiN
1091,blend
1092,blocker
1093,bloody wolf
1094,blopex
1095,bluewh1te
1096,bnc
1097,bnox
1098,bobeksde
1099,bobz
1100,boci
1101,bodito
1102,c0ldhurt
1103,c0llins
1104,c0mplex
1105,c1gura
1106,cAmyy
1107,cHeuuuuk
1108,cJ dA K1nG
1109,cJe
1110,cLd
1111,cacan
1112,cadiaN
1113,cadnyx
1114,cairne
1115,calamity
1116,cand1d
1117,cap17al
1118,captainMo
1119,carN
1120,caravaggio
1121,card
1122,carua
1123,casey
1124,cass1n
1125,castrz
1126,caustic
1127,cbass
1128,cej0t
1129,cerber
1130,cerolzin
1131,cgk
1132,ch1rs
1133,chahd0nJ
1134,chante
1135,charrie
1136,chawzyyy
1137,chayJESUS
1138,cheeseball
1139,chelleos
1140,chelo
1141,chengking
1142,chjna
1143,choiv7
1144,chop
1145,chopko
1146,chopper
1147,chucky
1148,chudy
1149,ckzao
1150,cl0ver
1151,clax
1152,clipzera
1153,clon7
1154,clouda
1155,clouden
1156,clx
1157,clyd1e
1158,cmrn
1159,d0RREN
1160,d0dy
1161,d1Ledez
1162,d1maje
1163,d4rty
1164,d9zz
1165,dAVE
1166,dENZY
1167,dako
1168,damyo
1169,dan1
1170,dan1q
1171,dan4o
1172,dangeR
1173,danistzz
1174,danoco
1175,danss
1176,dantemoren
1177,dany
1178,darber
1179,darchevile
1180,dare
1181,daria
1182,darkk
1183,dav1deuS
1184,dav1g
1185,day0s
1186,dcey
1187,ddoni
1188,deLonge
1189,dea
1190,dearlucid
1191,deb0
1192,decenty
1193,deco
1194,deeN
1195,deemO
1196,deepawK
1197,def1zer
1198,degster
1199,deko
1200,delboNi
1201,delle
1202,dem0n
1203,demente
1204,den1ed
1205,dennyslaw
1206,denz
1207,depends
1208,desh
1209,desl3bio
1210,destiny
1211,detr0ittJ
1212,devi
1213,device
1214,devoduvek
1215,dewi
1216,dex
1217,dexie
1218,dexter
1219,dezt
1220,e1543
1221,eLa1z
1222,eNs
1223,easy
1224,edv
1225,eepy rain
1226,eightz999
1227,eistar
1228,eksiver
1229,electroNic
1230,elem
1231,elementx
1232,elennz
1233,ellie
1234,elybalich88
1235,em0k1d
1236,emi
1237,emili0
1238,emocore
1239,emokidead
1240,emot1on
1241,emothug
1242,empathy
1243,emzijs
1244,endicate
1245,enesy
1246,enkay J
1247,entz
1248,enzero
1249,epoh
1250,er9k
1251,eraa
1252,erin
1253,esenthial
1254,esor
1255,estrella
1256,ewjerkz
1257,ex1st
1258,excien
1259,exe
1260,exe4
1261,executor
1262,exit
1263,expSasiKi
1264,expro
1265,ezox
1266,f0cus
1267,f0ll0wW
1268,f1redup
1269,f4stzin
1270,f6tal
1271,fEZKO
1272,fNk
1273,facecrack
1274,facer
1275,fajkus
1276,fakerealityy
1277,faline
1278,fame
1279,fanatyk
1280,farias
1281,fatestyoshi
1282,faveN
1283,faydett
1284,feNcy
1285,fear
1286,febreeze
1287,fejtZ
1288,fello
1289,felps
1290,ferqd
1291,ferzy
1292,fett1s
1293,fez
1294,fiction
1295,finW
1296,fineshine52
1297,fino
1298,fl0m
1299,fl1nt
1300,flairr
1301,flameZ
1302,flamie
1303,flash
1304,flasi
1305,flaw
1306,flayy
1307,fleav
1308,fleer
1309,flexeeee
1310,flixxy
1311,floppy
1312,flouzer
1313,flow
1314,fluffy
1315,flusha
1316,fly
1317,flying
1318,fnl
1319,foggers
1320,fokiu
1321,for2na
1322,forkyz
1323,forsyy
1324,forzetsky
1325,fostar
1326,fox
1327,g1tsune
1328,gLong
1329,gabs
1330,gadfly
1331,gafolo
1332,gamble
1333,gas
1334,gbb
1335,gehji
1336,gejmzilla
1337,gfi
1338,ghosT1
1339,giM
1340,gla1ve
1341,gleb86rus
1342,glorinsz
1343,glowiing
1344,goddess
1345,godkU
1346,gone
1347,gr1ks
1348,grape
1349,graphX
1350,grumpyMonk
1351,gsr
1352,gtw
1353,guH
1354,guidimon
1355,gump
1356,gusihx
1357,guthriee
1358,gxx-
1359,h0kz
1360,h0t
1361,h1ghnesS
1362,h1glaiN
1363,h1kaN
1364,h1te
1365,h4rn
1366,hAdji
1367,hAniCEt
1368,hK
1369,hY
1370,hades
1371,hahanz0
1372,hallzerk
1373,hampus
1374,hang4u
1375,happ
1376,harbor
1377,hardzao
1378,harizmapower
1379,hasteka
1380,hate
1381,hattygOD
1382,havoK
1383,hayanh
1384,haze
1385,hazr
1386,hdgz
1387,headtr1ck
1388,heartZ
1389,heartjess
1390,heaty
1391,heaveN
1392,hechtikal
1393,heehee
1394,heione
1395,helix
1396,hemzk9
1397,her1tage
1398,hera
1399,herofromsky
1400,hexoq
1401,hf
1402,hfah
1403,history
1404,hitagi
1405,hitori
1406,hns
1407,hoax
1408,hodix
1409,hom1er
1410,honda
1411,hoolig4n
1412,horvy
1413,hotd0g
1414,huNter-
1415,hug1
1416,huncho
1417,hunt3rr
1418,hurtslxrd
1419,hyp3else
1420,hyped
1421,hypex
1422,iDISBALANCE
1423,iDk
1424,iFRAGEZ
1425,iM
1426,iMoon
1427,icarus
1428,iceezze
1429,icytears
1430,icyvl0ne
1431,ifan
1432,iksou
1433,ilonda
1434,imoRR
1435,imyGDx
1436,injury
1437,innocent
1438,insan1ty
1439,insani
1440,insmutje
1441,interz
1442,intra
1443,irbitka
1444,isak
1445,ivz
1446,izaa
1447,j0w
1448,j3kie
1449,jERK0z
1450,jHeck
1451,jL
1452,jR
1453,jabbi
1454,jackasmo
1455,jackast
1456,jagrN
1457,jakekeS
1458,jalwar
1459,jambo
1460,jansen
1461,japE
1462,jared
1463,jaro
1464,jason
1465,jaxi
1466,jaydee
1467,jayketh
1468,jchancE
1469,jcobbb
1470,jcr
1471,jenkon
1472,jesscas
1473,jessebn
1474,jestek
1475,jeyN
1476,jhd
1477,jiejie
1478,jkaem
1479,jks
1480,jmqa
1481,jocab
1482,joe1106
1483,joeski
1484,josefine
1485,josi
1486,jottAAA
1487,jresy
1488,jsfeltner
1489,juanflatroo
1490,juhcaN
1491,juho
1492,k0s
1493,k0vi4
1494,k175un4
1495,k1araSh
1496,k1n
1497,k1ngzlo
1498,k1not1
1499,k1slll
1500,k1ssly
1501,k1to
1502,k4Mi
1503,k4nfuz
1504,kANDARO
1505,kAlash
1506,kaRRRolina
1507,kaZzu
1508,kaahSENSEI
1509,kabal
1510,kade0
1511,kadziu
1512,kadzz
1513,kaiori
1514,kairo
1515,kaito
1516,kamaz1k
1517,kapa
1518,karl
1519,karmazynsz
1520,karnez
1521,karolzk
1522,karposlaveee
1523,karrigan
1524,karrigod
1525,karv3r
1526,kas
1527,kashl1d
1528,kasze
1529,katalyyst
1530,kauez
1531,kaz
1532,kaze
1533,kaziken
1534,kdaN
1535,keb1k
1536,keegaN
1537,keen
1538,keetoh
1539,keis
1540,keiz
1541,keizo
1542,kelieN
1543,kengeN
1544,keni
1545,kensizor
1546,kenz1
1547,kenznk
1548,ketsuo
1549,kevz
1550,kewS
1551,kezz
1552,khaN
1553,khizha
1554,kiR
1555,kibstar
1556,kickdown
1557,kicking
1558,killerPandas
1559,kimbee
1560,kinQ
1561,king
1562,kinqie
1563,kira
1564,la3euka
1565,laacfaze
1566,lacr1m0sa
1567,lakyo
1568,lampada
1569,lan
1570,land1n
1571,lapbI4
1572,laser
1573,lash
1574,latto
1575,lattykk
1576,lauNX
1577,laxiee
1578,leaf
1579,leakz
1580,lealziNho
1581,lebronaldo
1582,leen
1583,legy
1584,leleo
1585,lenci
1586,leo_drk
1587,leof
1588,levantino
1589,levi
1590,lewyGOD
1591,lexy
1592,lezy
1593,lindeen
1594,lo-fi
1595,lockstock
1596,log1ks
1597,logaN
1598,lojzo
1599,lollipop21k
1600,looke
1601,lov1kus
1602,lub
1603,lucas222
1604,luchov
1605,lugseN
1606,luhflickzz
1607,m0NESY
1608,m0nsterr
1609,m0rena
1610,m1N1
1611,m1QUSE
1612,m1kketye
1613,m1kliq
1614,m1she4ka
1615,m1te
1616,m2
1617,m3wsu
1618,m4d4ra
1619,m4tthi
1620,mASKED
1621,mAnGo
1622,maQuein
1623,maaryy
1624,maaxg1
1625,macke
1626,madness
1627,madss
1628,maeggi
1629,mag1c
1630,mag1k3Y
1631,magari
1632,maggent
1633,magixx
1634,majky
1635,makaroff
1636,makazze
1637,mako
1638,makszi
1639,malbsMd
1640,malfik
1641,malinov
1642,malta
1643,mang0
1644,manguss
1645,mantuu
1646,marTineZ
1647,marat2k
1648,march
1649,marekiew
1650,mari
1651,marie
1652,markovich321
1653,marsyy
1654,maskoff
1655,mason
1656,n0page
1657,n0rb3r7
1658,n0rths
1659,n0te
1660,n0thing
1661,n0tice
1662,n0xxy
1663,n1Xen
1664,n1cks
1665,n1ssim
1666,n4mb3r5
1667,nEMANHA
1668,nacho
1669,nafany
1670,naitte
1671,nardes
1672,natso
1673,nauh
1674,navy
1675,nawwk
1676,naz
1677,nbgee12
1678,nbl
1679,nbqq
1680,ncl
1681,neaLaN
1682,neaQ
1683,neight
1684,neiter
1685,nellozz
1686,neo
1687,neorah
1688,neosoznala
1689,neozix
1690,ner
1691,nero
1692,nesh
1693,nestee
1694,nesto
1695,nettik
1696,neverland
1697,newt
1698,nexa
1699,next
1700,next1me
1701,nguyen
1702,nibito
1703,nicks
1704,nico1ajus
1705,nicoodoz
1706,nicx
1707,nifee
1708,niise
1709,nika
1710,niki1
1711,nikitea
1712,niko
1713,nikz
1714,nilo
1715,oSee
1716,obi
1717,ocean
1718,ogura
1719,ogwizard
1720,ole
1721,oli
1722,olik
1723,olimp
1724,olya
1725,onder
1726,ondyey
1727,onic
1728,onlypure
1729,oopee
1730,opdust
1731,oreosss
1732,oskar
1733,oskvr
1734,ottoNd
1735,ottob
1736,outex
1737,oxycet
1738,oxygeN
1739,oxygen
1740,oz1k
1741,p12
1742,p1ke
1743,p1ty
1744,p3kko
1745,p5p
1746,p7
1747,pain
1748,pancc
1749,pandi7o
1750,pauliiee
1751,paupau
1752,pavast4r
1753,pavlysha666
1754,pavv
1755,paz
1756,ped
1757,pedrinzy
1758,peek a boo
1759,peku
1760,pendzelek
1761,pepe
1762,perez
1763,pesadelo
1764,peterr
1765,petlan
1766,phoebe
1767,phr
1768,phzy
1769,piku
1770,piriajr
1771,pita
1772,piupiupiu
1773,pixel
1774,pkN
1775,playN
1776,plushax
1777,pmk
1778,pms
1779,podi
1780,poiii
1781,poka
1782,ponter
1783,poppins
1784,pr
1785,pr1metapz
1786,pr3e
1787,prakM
1788,prelideN
1789,qqGOD
1790,quix
1791,qw1nk1
1792,qwant
1793,qx
1794,r1nkle
1795,r1verLaKe
1796,r3kt
1797,r3salt
1798,r4ul
1799,rCV
1800,ra1n
1801,raW
1802,raalz
1803,rabbit
1804,radish
1805,rafaxF
1806,rafftu
1807,rage
1808,ragga
1809,rahley
1810,raiNyyy
1811,rain
1812,rainny
1813,raizo
1814,rallen
1815,ramziiN
1816,rate
1817,raven
1818,raw1
1819,raynee
1820,rayxts
1821,raz
1822,rblbalka
1823,rdnzao
1824,reNIK
1825,reV3nnnn
1826,realz1n
1827,realzen
1828,reason
1829,reck
1830,red
1831,redi
1832,redzed
1833,redzy
1834,reezk
1835,refrezh
1836,regali
1837,regoshka
1838,reiko
1839,reizk
1840,rekonz
1841,relan
1842,relaxbtw
1843,relaxxie
1844,relentless
1845,remix
1846,remorse
1847,renatoohaxx
1848,rendY
1849,replay
1850,reversive
1851,revoltz
1852,rexoKIM
1853,rexxie
1854,reyoz
1855,s-chilla
1856,s0ki
1857,s0und
1858,s1cko
1859,s1mple
1860,s1n
1861,s1non
1862,s1renaa
1863,s4ltovsk1yy
1864,sACEr
1865,sAvana1
1866,sFade8
1867,saadzin
1868,sacrifice
1869,sad
1870,saffee
1871,sakamoto
1872,sakura
1873,salazar
1874,salmon
1875,samee
1876,sanT
1877,sanc
1878,sapphire
1879,sarenii
1880,sasha
1881,sathsea
1882,sausol
1883,sava9e
1884,sayN
1885,scar
1886,scarface
1887,sckrafft
1888,scolleN
1889,sdy
1890,seNsite
1891,seabraez
1892,seas
1893,segalla
1894,seized
1895,semtex
1896,senka
1897,sense
1898,sential
1899,sergelen19k
1900,serv0
1901,seziwana
1902,sh1geo
1903,t0kk
1904,t0mmyyy
1905,t1murj4N
1906,t3ns1on
1907,t4tty
1908,t9rnay
1909,tAk
1910,tBone
1911,tENZY
1912,tN1R
1913,tO0RO
1914,tabseN
1915,tacitus
1916,tad
1917,taggy
1918,taidao
1919,takanashi
1920,taken
1921,tako
1922,talkzyn
1923,tamizinha
1924,tanxiaomei
1925,tarturb0b
1926,tasman
1927,tatazin
1928,tatm
1929,tein
1930,tele D
1931,teme
1932,tenweri
1933,tess
1934,tex1y
1935,tgN
1936,thamlike
1937,thecatt
1938,timeagento
1939,timid
1940,timo
1941,tinjau
1942,titulus
1943,tiziaN
1944,tlx
1945,toasty
1946,tock
1947,togs
1948,tohru
1949,tokkis
1950,tokuzo
1951,tom1jed
1952,tomaszin
1953,tomate
1954,tomiko
1955,uDEADSHOT
1956,uhKelsie
1957,ujliana
1958,uli
1959,ultimate
1960,unknxwn
1961,unshaark
1962,upE
1963,urban0
1964,uulis
1965,v1spel
1966,v1trage
1967,v1w
1968,v1ze
1969,v3gee
1970,v4NO
1971,vAloN
1972,valde
1973,valencia
1974,valulu
1975,vanessa
1976,vanillaicey
1977,vanity
1978,vaq1337
1979,vein
1980,ven9
1981,venomzera
1982,verbal4buser
1983,versa
1984,vhs
1985,vicu
1986,vih
1987,vilga
1988,vin3
1989,vinaabEAST
1990,vincso
1991,vinhy
1992,violet
1993,viridian
1994,virree
1995,virtuoso
1996,viscera
1997,vision
1998,viz
1999,vlad
2000,vlady
2001,void
2002,volkjly
2003,volt
2004,voltera
2005,vsm
2006,vt0rnikk
2007,vzn
2008,w0mbat
2009,w0nderful
2010,w1
2011,w1dow
2012,w1nt3r
2013,w1sely
2014,w4rden
2015,wAwij
2016,wEAVER
2017,waZz
2018,wait
2019,walleN
2020,wallz1k
2021,warbringer
2022,wasiNk
2023,wave
2024,welnic
2025,weqt2
2026,wetfy
2027,wfn
2028,wh1teout
2029,whisper
2030,whsup
2031,wieenN
2032,wilj
2033,will1zera
2034,willi
2035,wipeout
2036,wist
2037,wiz
2038,woozzzi
2039,woxic
2040,wvfeun
2041,xJiNCh0
2042,xKacpersky
2043,xR4ze
2044,xReal
2045,xSpeed
2046,xam
2047,xartE
2048,xavi
2049,xc
2050,xdENiSZERA
2051,xeedo
2052,xelex
2053,xen
2054,xenization
2055,xerolte
2056,xertioN
2057,xetN
2058,xezr
2059,xfl0ud
2060,xiELO
2061,xia
2062,xiaosaGe
2063,xicoz
2064,xm1nd
2065,xnkka
2066,xns
2067,xonn1k
2068,xsany
2069,xsepower
2070,xseveN
2071,xuliana
2072,xureba
2073,yAmi
2074,ya talant
2075,yaankz
2076,yab0ku-
2077,yancher
2078,yato
2079,yc6
2080,yel
2081,yepz
2082,yiksrezo
2083,yilammm
2084,ykis
2085,yngsamurai
2086,yngtrxpstxr
2087,yoom
2088,yoshi
2089,youka
2090,yourwombat
2091,ysauro
2092,yuN
2093,yugo
2094,yuhuanKY
2095,yukitoro
2096,yungher
2097,yuramyata
2098,yuu
2099,yuurih
2100,yvro
2101,yxngstxr
2102,yz0
2103,z0mb1e
2104,z1Nny
2105,z1ayr
2106,z1egers
2107,z1k4
2108,z3ndeR
2109,z4kr
2110,z8z
2111,zAAz
2112,zEden
2113,zLNN
2114,z_nan
2115,zaNNN
2116,zaca
2117,zakarinh0
2118,zame
2119,zazzer
2120,zcuhn
2121,zdr
2122,zeRRoFIX
2123,zeak
2124,zealot
2125,zebra
2126,zed
2127,zede
2128,zeep
2129,zen
2130,zer0UKY
2131,zevy
2132,zewts
2133,zhoki
2134,zhokiNg
2135,zhuo9
2136,zitan
2137,zks
2138,zmb
2139,zock
2140,zock9
2141,zockie
2142,zodi
2143,zogeN
2144,zont1x
2145,zorte
2146,zqkS
2147,zs0lt1
2148,zteeek
2149,ztr
2150,zune
2151,zur1s
2152,zweih
2153,zy
2154,zyHan
2155,zykes
2156,zyme
2157,zypztw
